{
  "source": {
    "id": "vilas-county-tourism-tec",
    "name": "Vilas County Tourism (TEC)",
    "type": "tec_rest",
    "url": "https://vilaswi.com/",
    "slug": "vilas-county-tourism-tec",
    "ics_path": "by-source/vilas-county-tourism-tec.ics"
  },
  "ok": true,
  "error": null,
  "count": 35,
  "warnings": [],
  "notes": [],
  "timestamp": "2025-10-13T14:35:00.255528+00:00",
  "events": [
    {
      "uid": "4950",
      "title": "Hallowfest",
      "start_utc": "2025-10-25 11:00:00",
      "end_utc": "2025-10-25 14:00:00",
      "url": "https://vilaswi.com/event/hallowfest/",
      "location": "Downtown Eagle River",
      "calendar": "Vilas County Tourism (TEC)",
      "source": "Vilas County Tourism (TEC)",
      "calendar_slug": "vilas-county-tourism-tec"
    },
    {
      "uid": "8306",
      "title": "Zombie Crawl",
      "start_utc": "2025-10-25 15:00:00",
      "end_utc": "2025-10-25 22:00:00",
      "url": "https://vilaswi.com/event/zombie-crawl-2/",
      "location": "Downtown Land O&#8217; Lakes, Land O' Lakes, WI",
      "calendar": "Vilas County Tourism (TEC)",
      "source": "Vilas County Tourism (TEC)",
      "calendar_slug": "vilas-county-tourism-tec"
    },
    {
      "uid": "8307",
      "title": "Witches Ball",
      "start_utc": "2025-10-25 20:00:00",
      "end_utc": "2025-10-25 23:30:00",
      "url": "https://vilaswi.com/event/witches-ball-2/",
      "location": null,
      "calendar": "Vilas County Tourism (TEC)",
      "source": "Vilas County Tourism (TEC)",
      "calendar_slug": "vilas-county-tourism-tec"
    },
    {
      "uid": "7462",
      "title": "Presque Isle Spooktacular Trunk or Treat",
      "start_utc": "2025-10-31 17:00:00",
      "end_utc": "2025-10-31 20:00:00",
      "url": "https://vilaswi.com/event/presque-isle-spooktacular-trunk-or-treat/",
      "location": "Pipke Park Presque Isle",
      "calendar": "Vilas County Tourism (TEC)",
      "source": "Vilas County Tourism (TEC)",
      "calendar_slug": "vilas-county-tourism-tec"
    },
    {
      "uid": "8309",
      "title": "Christmas Craft Show and Bake Sale",
      "start_utc": "2025-11-08 09:00:00",
      "end_utc": "2025-11-08 15:00:00",
      "url": "https://vilaswi.com/event/christmas-craft-show-and-bake-sale-2/",
      "location": "St Germain Community Center, 545 Hwy 155, St Germain, WI",
      "calendar": "Vilas County Tourism (TEC)",
      "source": "Vilas County Tourism (TEC)",
      "calendar_slug": "vilas-county-tourism-tec"
    },
    {
      "uid": "4037",
      "title": "Old Fashioneds Up North",
      "start_utc": "2025-11-08 18:00:00",
      "end_utc": "2025-11-08 21:00:00",
      "url": "https://vilaswi.com/event/old-fashioneds-up-north-2/",
      "location": "Eagle Waters Resort",
      "calendar": "Vilas County Tourism (TEC)",
      "source": "Vilas County Tourism (TEC)",
      "calendar_slug": "vilas-county-tourism-tec"
    },
    {
      "uid": "4045",
      "title": "Wi-Does Wine Walk",
      "start_utc": "2025-11-22 12:00:00",
      "end_utc": "2025-11-22 16:00:00",
      "url": "https://vilaswi.com/event/wi-does-wine-walk-2/",
      "location": "Downtown Eagle River",
      "calendar": "Vilas County Tourism (TEC)",
      "source": "Vilas County Tourism (TEC)",
      "calendar_slug": "vilas-county-tourism-tec"
    },
    {
      "uid": "3508",
      "title": "Christmas in Downtown Sayner",
      "start_utc": "2025-11-28 10:00:00",
      "end_utc": "2025-11-30 16:00:00",
      "url": "https://vilaswi.com/event/christmas-in-downtown-sayner-2/",
      "location": null,
      "calendar": "Vilas County Tourism (TEC)",
      "source": "Vilas County Tourism (TEC)",
      "calendar_slug": "vilas-county-tourism-tec"
    },
    {
      "uid": "7204",
      "title": "Boulder Junction&#8217;s Winter Wonderland Arts and Crafts Fair",
      "start_utc": "2025-11-28 10:00:00",
      "end_utc": "2025-11-28 16:00:00",
      "url": "https://vilaswi.com/event/boulder-junctions-winter-wonderland-arts-and-crafts-fair/",
      "location": "Boulder Junction Community Center, 5386 Park Street, Boulder Junction",
      "calendar": "Vilas County Tourism (TEC)",
      "source": "Vilas County Tourism (TEC)",
      "calendar_slug": "vilas-county-tourism-tec"
    },
    {
      "uid": "8336",
      "title": "Christmas in Downtown Sayner-Star Lake",
      "start_utc": "2025-11-28 10:00:00",
      "end_utc": "2025-11-30 17:00:00",
      "url": "https://vilaswi.com/event/christmas-in-downtown-sayner-star-lake/",
      "location": "Downtown Sayner, Sayner",
      "calendar": "Vilas County Tourism (TEC)",
      "source": "Vilas County Tourism (TEC)",
      "calendar_slug": "vilas-county-tourism-tec"
    },
    {
      "uid": "7200",
      "title": "Boulder Junction&#8217;s 37th Annual Christmas Walk",
      "start_utc": "2025-11-28 15:00:00",
      "end_utc": "2025-11-28 19:00:00",
      "url": "https://vilaswi.com/event/boulder-junctions-37th-annual-christmas-walk/",
      "location": "Boulder Junction, PO Box 286, Boulder Junction, WI",
      "calendar": "Vilas County Tourism (TEC)",
      "source": "Vilas County Tourism (TEC)",
      "calendar_slug": "vilas-county-tourism-tec"
    },
    {
      "uid": "8342",
      "title": "Land O&#8217; Lakes Whobilation Christmas Celebration",
      "start_utc": "2025-11-29 00:00:00",
      "end_utc": "2025-11-29 23:59:59",
      "url": "https://vilaswi.com/event/land-o-lakes-whobilation-christmas-celebration-2/",
      "location": "Downtown Land O&#8217; Lakes, Land O' Lakes, WI",
      "calendar": "Vilas County Tourism (TEC)",
      "source": "Vilas County Tourism (TEC)",
      "calendar_slug": "vilas-county-tourism-tec"
    },
    {
      "uid": "8341",
      "title": "Community Christmas Kickoff &#038; Elf Scavenger Hunt",
      "start_utc": "2025-11-29 08:00:00",
      "end_utc": "2025-11-29 17:00:00",
      "url": "https://vilaswi.com/event/community-christmas-kick-off-on-shop-small-saturday-2/",
      "location": "Various locations in Arbor Vitae and the Minocqua Area",
      "calendar": "Vilas County Tourism (TEC)",
      "source": "Vilas County Tourism (TEC)",
      "calendar_slug": "vilas-county-tourism-tec"
    },
    {
      "uid": "8481",
      "title": "Small Business Saturday",
      "start_utc": "2025-11-29 10:00:00",
      "end_utc": "2025-11-29 16:00:00",
      "url": "https://vilaswi.com/event/small-business-saturday/",
      "location": "Downtown Eagle River",
      "calendar": "Vilas County Tourism (TEC)",
      "source": "Vilas County Tourism (TEC)",
      "calendar_slug": "vilas-county-tourism-tec"
    },
    {
      "uid": "8355",
      "title": "Lighting Up St Germain Celebration",
      "start_utc": "2025-11-29 16:00:00",
      "end_utc": "2025-11-29 18:00:00",
      "url": "https://vilaswi.com/event/lighting-up-st-germain-celebration-2/",
      "location": "St Germain Community Park and Downtown St Germain, St Germain, WI",
      "calendar": "Vilas County Tourism (TEC)",
      "source": "Vilas County Tourism (TEC)",
      "calendar_slug": "vilas-county-tourism-tec"
    },
    {
      "uid": "8576",
      "title": "Small Town Christmas",
      "start_utc": "2025-12-05 15:30:00",
      "end_utc": "2025-12-05 18:00:00",
      "url": "https://vilaswi.com/event/small-town-christmas/",
      "location": "Manitowish Waters Community Center, 5733 Airport Rd, Manitowish Waters",
      "calendar": "Vilas County Tourism (TEC)",
      "source": "Vilas County Tourism (TEC)",
      "calendar_slug": "vilas-county-tourism-tec"
    },
    {
      "uid": "8356",
      "title": "Holiday Marketplace",
      "start_utc": "2025-12-06 09:00:00",
      "end_utc": "2025-12-06 15:00:00",
      "url": "https://vilaswi.com/event/holiday-marketplace-2/",
      "location": "St Germain Community Center, 545 Hwy 155, St Germain, WI",
      "calendar": "Vilas County Tourism (TEC)",
      "source": "Vilas County Tourism (TEC)",
      "calendar_slug": "vilas-county-tourism-tec"
    },
    {
      "uid": "8361",
      "title": "Jingle Bell 5K Run",
      "start_utc": "2025-12-06 15:00:00",
      "end_utc": "2025-12-06 18:00:00",
      "url": "https://vilaswi.com/event/jingle-bell-3k-run-walk-2/",
      "location": "St Germain Chamber of Commerce Office, 473 Hwy 70E, St Germain, WI",
      "calendar": "Vilas County Tourism (TEC)",
      "source": "Vilas County Tourism (TEC)",
      "calendar_slug": "vilas-county-tourism-tec"
    },
    {
      "uid": "7154",
      "title": "Holiday Hometown Celebration",
      "start_utc": "2025-12-06 16:00:00",
      "end_utc": "2025-12-06 20:00:00",
      "url": "https://vilaswi.com/event/holiday-hometown-celebration/",
      "location": "Sayner Community Center, Sayner-Star Lake",
      "calendar": "Vilas County Tourism (TEC)",
      "source": "Vilas County Tourism (TEC)",
      "calendar_slug": "vilas-county-tourism-tec"
    },
    {
      "uid": "8474",
      "title": "Christmas Kickoff",
      "start_utc": "2025-12-06 16:00:00",
      "end_utc": "2025-12-06 18:30:00",
      "url": "https://vilaswi.com/event/christmas-kickoff-3/",
      "location": "Riverview Park",
      "calendar": "Vilas County Tourism (TEC)",
      "source": "Vilas County Tourism (TEC)",
      "calendar_slug": "vilas-county-tourism-tec"
    },
    {
      "uid": "8578",
      "title": "Mani * Wish Christmas",
      "start_utc": "2025-12-06 17:00:00",
      "end_utc": "2025-12-06 17:00:00",
      "url": "https://vilaswi.com/event/mani-wish-christmas/",
      "location": "Little Bohemia Lodge, 142 US-51, Manitowish Waters, WI",
      "calendar": "Vilas County Tourism (TEC)",
      "source": "Vilas County Tourism (TEC)",
      "calendar_slug": "vilas-county-tourism-tec"
    },
    {
      "uid": "7469",
      "title": "Presque Isle Olde Time Christmas",
      "start_utc": "2025-12-12 17:00:00",
      "end_utc": "2025-12-12 20:00:00",
      "url": "https://vilaswi.com/event/presque-isle-olde-time-christmas/",
      "location": "Pipke Park Presque Isle",
      "calendar": "Vilas County Tourism (TEC)",
      "source": "Vilas County Tourism (TEC)",
      "calendar_slug": "vilas-county-tourism-tec"
    },
    {
      "uid": "8477",
      "title": "Mistletoe Magic",
      "start_utc": "2025-12-13 10:00:00",
      "end_utc": "2025-12-13 16:00:00",
      "url": "https://vilaswi.com/event/mistletoe-magic/",
      "location": "Downtown Eagle River",
      "calendar": "Vilas County Tourism (TEC)",
      "source": "Vilas County Tourism (TEC)",
      "calendar_slug": "vilas-county-tourism-tec"
    },
    {
      "uid": "10523",
      "title": "Sno-Eagles Snowmobile Club Weekly Trail Rides. Rides are contingent on trail conditions..",
      "start_utc": "2025-12-17 22:00:00",
      "end_utc": "2025-12-17 22:00:00",
      "url": "https://vilaswi.com/event/sno-eagles-snowmobile-club-weekly-trail-rides/",
      "location": "Eagle, 116 S Railroad St, Eagle River",
      "calendar": "Vilas County Tourism (TEC)",
      "source": "Vilas County Tourism (TEC)",
      "calendar_slug": "vilas-county-tourism-tec"
    },
    {
      "uid": "10003612",
      "title": "Sno-Eagles Snowmobile Club Weekly Trail Rides. Rides are contingent on trail conditions.",
      "start_utc": "2025-12-18 10:00:00",
      "end_utc": "2025-12-18 15:30:00",
      "url": "https://vilaswi.com/event/10528/2025-12-18/",
      "location": null,
      "calendar": "Vilas County Tourism (TEC)",
      "source": "Vilas County Tourism (TEC)",
      "calendar_slug": "vilas-county-tourism-tec"
    },
    {
      "uid": "8581",
      "title": "Early Bird Ski Race",
      "start_utc": "2025-12-20 00:00:00",
      "end_utc": "2025-12-20 23:59:59",
      "url": "https://vilaswi.com/event/early-bird-ski-race/",
      "location": "WinMan Trails, 6870 County Hwy W, Winchester, WI",
      "calendar": "Vilas County Tourism (TEC)",
      "source": "Vilas County Tourism (TEC)",
      "calendar_slug": "vilas-county-tourism-tec"
    },
    {
      "uid": "10003613",
      "title": "Sno-Eagles Snowmobile Club Weekly Trail Rides. Rides are contingent on trail conditions.",
      "start_utc": "2025-12-25 10:00:00",
      "end_utc": "2025-12-25 15:30:00",
      "url": "https://vilaswi.com/event/10528/2025-12-25/",
      "location": null,
      "calendar": "Vilas County Tourism (TEC)",
      "source": "Vilas County Tourism (TEC)",
      "calendar_slug": "vilas-county-tourism-tec"
    },
    {
      "uid": "8583",
      "title": "Snowshoe Social",
      "start_utc": "2025-12-29 00:00:00",
      "end_utc": "2025-12-29 23:59:59",
      "url": "https://vilaswi.com/event/snowshoe-social/",
      "location": "WinMan Trails, 6870 County Hwy W, Winchester, WI",
      "calendar": "Vilas County Tourism (TEC)",
      "source": "Vilas County Tourism (TEC)",
      "calendar_slug": "vilas-county-tourism-tec"
    },
    {
      "uid": "8585",
      "title": "Winter Family Play Day",
      "start_utc": "2025-12-30 11:00:00",
      "end_utc": "2025-12-30 14:00:00",
      "url": "https://vilaswi.com/event/winter-family-play-day/",
      "location": "North Lakeland Discovery Center, 14006 Discovery Lane, Manitowish Waters, WI",
      "calendar": "Vilas County Tourism (TEC)",
      "source": "Vilas County Tourism (TEC)",
      "calendar_slug": "vilas-county-tourism-tec"
    },
    {
      "uid": "10003614",
      "title": "Sno-Eagles Snowmobile Club Weekly Trail Rides. Rides are contingent on trail conditions.",
      "start_utc": "2026-01-01 10:00:00",
      "end_utc": "2026-01-01 15:30:00",
      "url": "https://vilaswi.com/event/10528/2026-01-01/",
      "location": null,
      "calendar": "Vilas County Tourism (TEC)",
      "source": "Vilas County Tourism (TEC)",
      "calendar_slug": "vilas-county-tourism-tec"
    },
    {
      "uid": "10003615",
      "title": "Sno-Eagles Snowmobile Club Weekly Trail Rides. Rides are contingent on trail conditions.",
      "start_utc": "2026-01-08 10:00:00",
      "end_utc": "2026-01-08 15:30:00",
      "url": "https://vilaswi.com/event/10528/2026-01-08/",
      "location": null,
      "calendar": "Vilas County Tourism (TEC)",
      "source": "Vilas County Tourism (TEC)",
      "calendar_slug": "vilas-county-tourism-tec"
    },
    {
      "uid": "10003616",
      "title": "Sno-Eagles Snowmobile Club Weekly Trail Rides. Rides are contingent on trail conditions.",
      "start_utc": "2026-01-15 10:00:00",
      "end_utc": "2026-01-15 15:30:00",
      "url": "https://vilaswi.com/event/10528/2026-01-15/",
      "location": null,
      "calendar": "Vilas County Tourism (TEC)",
      "source": "Vilas County Tourism (TEC)",
      "calendar_slug": "vilas-county-tourism-tec"
    },
    {
      "uid": "10003617",
      "title": "Sno-Eagles Snowmobile Club Weekly Trail Rides. Rides are contingent on trail conditions.",
      "start_utc": "2026-01-22 10:00:00",
      "end_utc": "2026-01-22 15:30:00",
      "url": "https://vilaswi.com/event/10528/2026-01-22/",
      "location": null,
      "calendar": "Vilas County Tourism (TEC)",
      "source": "Vilas County Tourism (TEC)",
      "calendar_slug": "vilas-county-tourism-tec"
    },
    {
      "uid": "10003618",
      "title": "Sno-Eagles Snowmobile Club Weekly Trail Rides. Rides are contingent on trail conditions.",
      "start_utc": "2026-01-29 10:00:00",
      "end_utc": "2026-01-29 15:30:00",
      "url": "https://vilaswi.com/event/10528/2026-01-29/",
      "location": null,
      "calendar": "Vilas County Tourism (TEC)",
      "source": "Vilas County Tourism (TEC)",
      "calendar_slug": "vilas-county-tourism-tec"
    },
    {
      "uid": "10003619",
      "title": "Sno-Eagles Snowmobile Club Weekly Trail Rides. Rides are contingent on trail conditions.",
      "start_utc": "2026-02-05 10:00:00",
      "end_utc": "2026-02-05 15:30:00",
      "url": "https://vilaswi.com/event/10528/2026-02-05/",
      "location": null,
      "calendar": "Vilas County Tourism (TEC)",
      "source": "Vilas County Tourism (TEC)",
      "calendar_slug": "vilas-county-tourism-tec"
    }
  ]
}